,Sacubitril-valsartan,Enalapril
Mean,24.545256053792595,25.04743986130985
Std,8.38795211554335,8.672400623028466
Median,23.39717036653633,24.269600591715975
